{"steps":20,"deletion_curves":{"chefer":[0.9402340950630604,0.8566474916841296,0.7939211441842043,0.7109398209630213,0.6336036467309664,0.5611802742487421,0.49601266464793664,0.4288748010583488,0.3763524074669823,0.3249693385109463,0.2645555352419118,0.2155528296508726,0.1848363071970166,0.14121790882255358,0.1003656178377084,0.07375490018761194,0.04678267888428242,0.03087398978007229,0.010365760252823241,0.013653550752927134,0],"rollout":[0.9417621247051283,0.9027313690120957,0.8424284969176767,0.7915836200870977,0.7407616976682081,0.6990097401743476,0.6432266936281441,0.5924056601466942,0.5351616742547648,0.48604657973175613,0.4325663124343794,0.38387066637418943,0.351477104015815,0.2923400760329909,0.24312182917134761,0.20623962087873346,0.1556231144591807,0.10628953819867604,0.07724012539759657,0.042478815754488745,0.0009574528597295285],"gradcam":[0.9511510664783418,0.8974640265039646,0.8313730858689636,0.7781960839460245,0.7235346962145169,0.6640898962834202,0.6045173373328359,0.5491904228810426,0.49184998633838933,0.4404446255375337,0.40829373539616615,0.3568053788985352,0.3048149050487709,0.24603391292964039,0.2133015206697172,0.1698357932605575,0.1313976529948999,0.0985796619524193,0.0489823739705085,0.03218686869995616,0.0029994216887280346],"ig":[0.9559136329265311,0.894278822027321,0.8192918193821039,0.7660170211193243,0.7050756015117612,0.64786212607756,0.5840602789257834,0.5299152969528238,0.47953590162890086,0.4276456041708068,0.3704245674172092,0.31766150304213764,0.27344944927635817,0.2248047915179637,0.18293295755709987,0.15714172608913046,0.12076898929309789,0.06691681846360668,0.037584188789486384,0.015599897871596775,0],"random":[0.9450266415160149,0.9104744964506089,0.8755825197709022,0.8449659864974893,0.7982418768036175,0.7708983606094574,0.723077256081788,0.6807677933877995,0.6380851917550208,0.6005354759570039,0.5532588130148984,0.5216848534186954,0.47092388842632976,0.4333703160938462,0.3830984074332457,0.32695246550278867,0.2741934858659727,0.22472729315458684,0.17024047166666845,0.09583993694725243,0.0031474238401278855]},"insertion_curves":{"chefer":[0.0575555919110775,0.04934286030449225,0.06083050855612227,0.0788693639931033,0.10416266174295796,0.13621708549749473,0.17147561136884346,0.19255338949666884,0.247817851583911,0.28265567242903755,0.3294399896806903,0.3793328099050114,0.43697861689935547,0.48519590294817044,0.5492293221841699,0.6084351132040566,0.656678699073183,0.7262377860622573,0.7995499954078379,0.8733518695852706,0.9404035222856328],"rollout":[0.05653155048843474,0.0778224998616974,0.11518372122994841,0.13471531079096177,0.18105892124918405,0.22350143426012983,0.27004213129216753,0.31455308902780776,0.35647830417136245,0.39710594578031433,0.4510251693502194,0.4985657061644657,0.5385268091384323,0.5930789389260348,0.6267384453475169,0.6875805399478888,0.7351349272004237,0.7950198024224897,0.8441000755505185,0.9013820103977251,0.959538679169491],"gradcam":[0.056098348819650715,0.07080705218850676,0.10170962902814293,0.11919320913316912,0.17095006769133247,0.19858327324108047,0.23948602980707293,0.27311340783895827,0.3214001309980151,0.3629403238875141,0.4217844227565097,0.4709584812503666,0.5179936742398336,0.5672481154677479,0.6258746262787606,0.6713736587217966,0.7281079851751456,0.7877043264288447,0.8345821864274976,0.8865394475738528,0.9516801540786402],"ig":[0.05464668624568731,0.06313568909697276,0.08740184027593048,0.1253274635484213,0.1566932415610276,0.1945060313438464,0.22775593421035317,0.27410595995238113,0.3094735792498317,0.35750506146687866,0.3989157672651794,0.4520882516874163,0.5071221451224518,0.544724856549517,0.601108064096454,0.6668816064931369,0.7224551174041622,0.7781934222675051,0.829270923203045,0.8869256825684801,0.9584065263392404],"random":[0.04324769473168999,0.1644065600256007,0.22738966297729246,0.29070413409219853,0.34883875770763817,0.38871259197422836,0.4333681282608991,0.4734190675630517,0.5275668140954101,0.5692680272344114,0.613307582071583,0.6385865298729766,0.6746241337487958,0.7070531760054362,0.7555574632220692,0.7943671119227014,0.8255326542616664,0.8597979323280646,0.8952662984705049,0.9127887021258067,0.9595751598523931]},"deletion_auc":{"chefer":0.33672888578172944,"rollout":0.4497981261560306,"gradcam":0.4233983604405699,"ig":0.4049462088788669,"random":0.5385502960758022},"insertion_auc":{"chefer":0.3833667333510495,"rollout":0.46248244484691253,"gradcam":0.4437119649791647,"ig":0.43450586218277276,"random":0.5800983377626189},"agreement":{"chefer":{"chefer":1,"rollout":0.985,"gradcam":0.994,"ig":0.993},"rollout":{"chefer":0.985,"rollout":1,"gradcam":0.99,"ig":0.989},"gradcam":{"chefer":0.994,"rollout":0.99,"gradcam":1,"ig":0.998},"ig":{"chefer":0.993,"rollout":0.989,"gradcam":0.998,"ig":1}}}